variable,count,mean,std,min,25%,50%,75%,max,original
dummy1,1000.0,-0.00017513038683969148,0.009604209133230368,-0.0392321475696029,-0.006263588011810125,-0.0005174337831062,0.0065552293353583,0.0345791594638957,-0.0039630527864076
dummy2,1000.0,-7.502120648773099e-05,0.009527713479350972,-0.0302216043438605,-0.0063033876566862745,-7.943945933606476e-05,0.0059735588721291505,0.0301807027459842,-0.01168215589796
x1,1000.0,-0.01632406599813884,3.021519768706982,-9.18398233072254,-2.0899537984776075,-0.08309935501238586,1.9816210507917889,28.20472043785888,28.20472043785888
x2,1000.0,0.232387573802176,8.220219038258106,-28.080692511366493,-5.041981542405974,0.2931781992874911,4.870981308859874,75.05177559872233,75.05177559872233
x3,1000.0,0.02742700668409411,1.9138380870691143,-5.532878740011807,-1.2808549446830944,0.028270603068513648,1.2278643631682995,17.75450970382457,17.75450970382457
